{
  "version": "0.5.3",
  "graph": {
    "nodes": [
      {
        "id": "n0",
        "position": {
          "x": 249,
          "y": -185.19599525552565
        },
        "caption": "Planet"
      },
      {
        "id": "n1",
        "position": {
          "x": 249,
          "y": 38
        },
        "caption": "Species"
      },
      {
        "id": "n2",
        "position": {
          "x": -46.29291604975805,
          "y": -356.35601357110465
        },
        "caption": "Character"
      },
      {
        "id": "n4",
        "position": {
          "x": 222.07105330627013,
          "y": -653.0597566580565
        },
        "caption": "Starship"
      },
      {
        "id": "n6",
        "position": {
          "x": 490.4350226622983,
          "y": -356.35601357110465
        },
        "caption": "Film"
      },
      {
        "id": "n7",
        "position": {
          "x": 222.07105330627013,
          "y": -481.1254088137306
        },
        "caption": "Vehicle"
      }
    ],
    "relationships": [
      {
        "id": "n0",
        "type": "HOMEWORLD",
        "fromId": "n1",
        "toId": "n0"
      },
      {
        "id": "n1",
        "type": "OF",
        "fromId": "n2",
        "toId": "n1"
      },
      {
        "id": "n2",
        "type": "HOMEWORLD",
        "fromId": "n2",
        "toId": "n0"
      },
      {
        "id": "n7",
        "type": "PILOT",
        "fromId": "n2",
        "toId": "n4"
      },
      {
        "id": "n10",
        "type": "APPEARED_IN",
        "fromId": "n4",
        "toId": "n6"
      },
      {
        "id": "n11",
        "type": "APPEARED_IN",
        "fromId": "n0",
        "toId": "n6"
      },
      {
        "id": "n12",
        "type": "APPEARED_IN",
        "fromId": "n1",
        "toId": "n6"
      },
      {
        "id": "n13",
        "type": "PILOT",
        "fromId": "n2",
        "toId": "n7"
      },
      {
        "id": "n14",
        "type": "APPEARED_IN",
        "fromId": "n7",
        "toId": "n6"
      },
      {
        "id": "n15",
        "type": "APPEARED_IN",
        "fromId": "n2",
        "toId": "n6"
      }
    ]
  },
  "dataModel": {
    "fileModel": {
      "fileSchemas": {
        "starwars.relationships.HOMEWORLD.csv": {
          "expanded": true,
          "fields": [
            {
              "name": ":START_ID",
              "type": "string",
              "sample": "6",
              "include": true
            },
            {
              "name": ":END_ID",
              "type": "string",
              "sample": "88",
              "include": true
            },
            {
              "name": ":TYPE",
              "type": "string",
              "sample": "HOMEWORLD",
              "include": true
            }
          ]
        },
        "starwars.relationships.APPEARED_IN.csv": {
          "expanded": true,
          "fields": [
            {
              "name": ":START_ID",
              "type": "string",
              "sample": "6",
              "include": true
            },
            {
              "name": ":END_ID",
              "type": "string",
              "sample": "0",
              "include": true
            },
            {
              "name": ":TYPE",
              "type": "string",
              "sample": "APPEARED_IN",
              "include": true
            }
          ]
        },
        "starwars.relationships.OF.csv": {
          "expanded": true,
          "fields": [
            {
              "name": ":START_ID",
              "type": "string",
              "sample": "7",
              "include": true
            },
            {
              "name": ":END_ID",
              "type": "string",
              "sample": "149",
              "include": true
            },
            {
              "name": ":TYPE",
              "type": "string",
              "sample": "OF",
              "include": true
            }
          ]
        },
        "starwars.relationships.PILOT.csv": {
          "expanded": true,
          "fields": [
            {
              "name": ":START_ID",
              "type": "string",
              "sample": "6",
              "include": true
            },
            {
              "name": ":END_ID",
              "type": "string",
              "sample": "189",
              "include": true
            },
            {
              "name": ":TYPE",
              "type": "string",
              "sample": "PILOT",
              "include": true
            }
          ]
        },
        "starwars.nodes.Starship.csv": {
          "expanded": true,
          "fields": [
            {
              "name": ":ID",
              "type": "string",
              "sample": "224",
              "include": true
            },
            {
              "name": "consumables",
              "type": "string",
              "sample": "1 year",
              "include": true
            },
            {
              "name": "max_atmosphering_speed",
              "type": "string",
              "sample": "950",
              "include": true
            },
            {
              "name": "cargo_capacity",
              "type": "string",
              "sample": "3000000",
              "include": true
            },
            {
              "name": "passengers",
              "type": "string",
              "sample": "600",
              "include": true
            },
            {
              "name": "created",
              "type": "string",
              "sample": "2014-12-10T14:20:33.369000Z",
              "include": true
            },
            {
              "name": "edited",
              "type": "string",
              "sample": "2014-12-20T21:23:49.867000Z",
              "include": true
            },
            {
              "name": "url",
              "type": "string",
              "sample": "https://swapi.dev/api/starships/2/",
              "include": true
            },
            {
              "name": "name",
              "type": "string",
              "sample": "CR90 corvette",
              "include": true
            },
            {
              "name": "starship_class",
              "type": "string",
              "sample": "corvette",
              "include": true
            },
            {
              "name": "model",
              "type": "string",
              "sample": "CR90 corvette",
              "include": true
            },
            {
              "name": "MGLT",
              "type": "string",
              "sample": "60",
              "include": true
            },
            {
              "name": "hyperdrive_rating",
              "type": "string",
              "sample": "2.0",
              "include": true
            },
            {
              "name": "manufacturer",
              "type": "string",
              "sample": "Corellian Engineering Corporation",
              "include": true
            },
            {
              "name": "length",
              "type": "string",
              "sample": "150",
              "include": true
            },
            {
              "name": "crew",
              "type": "string",
              "sample": "30-165",
              "include": true
            },
            {
              "name": "cost_in_credits",
              "type": "string",
              "sample": "3500000",
              "include": true
            },
            {
              "name": ":LABEL",
              "type": "string",
              "sample": "Starship",
              "include": true
            }
          ]
        },
        "starwars.nodes.Species.csv": {
          "expanded": true,
          "fields": [
            {
              "name": ":ID",
              "type": "string",
              "sample": "148",
              "include": true
            },
            {
              "name": "designation",
              "type": "string",
              "sample": "sentient",
              "include": true
            },
            {
              "name": "created",
              "type": "string",
              "sample": "2014-12-10T13:52:11.567000Z",
              "include": true
            },
            {
              "name": "hair_colors",
              "type": "string",
              "sample": "blonde, brown, black, red",
              "include": true
            },
            {
              "name": "average_lifespan",
              "type": "string",
              "sample": "120",
              "include": true
            },
            {
              "name": "edited",
              "type": "string",
              "sample": "2014-12-20T21:36:42.136000Z",
              "include": true
            },
            {
              "name": "language",
              "type": "string",
              "sample": "Galactic Basic",
              "include": true
            },
            {
              "name": "classification",
              "type": "string",
              "sample": "mammal",
              "include": true
            },
            {
              "name": "skin_colors",
              "type": "string",
              "sample": "caucasian, black, asian, hispanic",
              "include": true
            },
            {
              "name": "url",
              "type": "string",
              "sample": "https://swapi.dev/api/species/1/",
              "include": true
            },
            {
              "name": "name",
              "type": "string",
              "sample": "Human",
              "include": true
            },
            {
              "name": "eye_colors",
              "type": "string",
              "sample": "brown, blue, green, hazel, grey, amber",
              "include": true
            },
            {
              "name": "average_height",
              "type": "string",
              "sample": "180",
              "include": true
            },
            {
              "name": ":LABEL",
              "type": "string",
              "sample": "Species",
              "include": true
            }
          ]
        },
        "starwars.nodes.Vehicle.csv": {
          "expanded": true,
          "fields": [
            {
              "name": ":ID",
              "type": "string",
              "sample": "185",
              "include": true
            },
            {
              "name": "consumables",
              "type": "string",
              "sample": "2 months",
              "include": true
            },
            {
              "name": "created",
              "type": "string",
              "sample": "2014-12-10T15:36:25.724000Z",
              "include": true
            },
            {
              "name": "edited",
              "type": "string",
              "sample": "2014-12-20T21:30:21.661000Z",
              "include": true
            },
            {
              "name": "url",
              "type": "string",
              "sample": "https://swapi.dev/api/vehicles/4/",
              "include": true
            },
            {
              "name": "name",
              "type": "string",
              "sample": "Sand Crawler",
              "include": true
            },
            {
              "name": "cargo_capacity",
              "type": "string",
              "sample": "50000",
              "include": true
            },
            {
              "name": "passengers",
              "type": "string",
              "sample": "30",
              "include": true
            },
            {
              "name": "cost_in_credits",
              "type": "string",
              "sample": "150000",
              "include": true
            },
            {
              "name": "model",
              "type": "string",
              "sample": "Digger Crawler",
              "include": true
            },
            {
              "name": "max_atmosphering_speed",
              "type": "string",
              "sample": "30",
              "include": true
            },
            {
              "name": "manufacturer",
              "type": "string",
              "sample": "Corellia Mining Corporation",
              "include": true
            },
            {
              "name": "length",
              "type": "string",
              "sample": "36.8 ",
              "include": true
            },
            {
              "name": "crew",
              "type": "string",
              "sample": "46",
              "include": true
            },
            {
              "name": "vehicle_class",
              "type": "string",
              "sample": "wheeled",
              "include": true
            },
            {
              "name": ":LABEL",
              "type": "string",
              "sample": "Vehicle",
              "include": true
            }
          ]
        },
        "starwars.nodes.Character.csv": {
          "expanded": true,
          "fields": [
            {
              "name": ":ID",
              "type": "string",
              "sample": "6",
              "include": true
            },
            {
              "name": "created",
              "type": "string",
              "sample": "2014-12-09T13:50:51.644000Z",
              "include": true
            },
            {
              "name": "edited",
              "type": "string",
              "sample": "2014-12-20T21:17:56.891000Z",
              "include": true
            },
            {
              "name": "url",
              "type": "string",
              "sample": "https://swapi.dev/api/people/1/",
              "include": true
            },
            {
              "name": "name",
              "type": "string",
              "sample": "Luke Skywalker",
              "include": true
            },
            {
              "name": "birth_year",
              "type": "string",
              "sample": "19BBY",
              "include": true
            },
            {
              "name": "eye_color",
              "type": "string",
              "sample": "blue",
              "include": true
            },
            {
              "name": "height",
              "type": "string",
              "sample": "172",
              "include": true
            },
            {
              "name": "gender",
              "type": "string",
              "sample": "male",
              "include": true
            },
            {
              "name": "skin_color",
              "type": "string",
              "sample": "fair",
              "include": true
            },
            {
              "name": "mass",
              "type": "string",
              "sample": "77",
              "include": true
            },
            {
              "name": "hair_color",
              "type": "string",
              "sample": "blond",
              "include": true
            },
            {
              "name": ":LABEL",
              "type": "string",
              "sample": "Character",
              "include": true
            }
          ]
        },
        "starwars.nodes.Planet.csv": {
          "expanded": true,
          "fields": [
            {
              "name": ":ID",
              "type": "string",
              "sample": "88",
              "include": true
            },
            {
              "name": "created",
              "type": "string",
              "sample": "2014-12-09T13:50:49.641000Z",
              "include": true
            },
            {
              "name": "edited",
              "type": "string",
              "sample": "2014-12-20T20:58:18.411000Z",
              "include": true
            },
            {
              "name": "gravity",
              "type": "string",
              "sample": "1 standard",
              "include": true
            },
            {
              "name": "terrain",
              "type": "string",
              "sample": "desert",
              "include": true
            },
            {
              "name": "population",
              "type": "string",
              "sample": "200000",
              "include": true
            },
            {
              "name": "orbital_period",
              "type": "string",
              "sample": "304",
              "include": true
            },
            {
              "name": "surface_water",
              "type": "string",
              "sample": "1",
              "include": true
            },
            {
              "name": "diameter",
              "type": "string",
              "sample": "10465",
              "include": true
            },
            {
              "name": "url",
              "type": "string",
              "sample": "https://swapi.dev/api/planets/1/",
              "include": true
            },
            {
              "name": "name",
              "type": "string",
              "sample": "Tatooine",
              "include": true
            },
            {
              "name": "climate",
              "type": "string",
              "sample": "arid",
              "include": true
            },
            {
              "name": "rotation_period",
              "type": "string",
              "sample": "23",
              "include": true
            },
            {
              "name": ":LABEL",
              "type": "string",
              "sample": "Planet",
              "include": true
            }
          ]
        },
        "starwars.nodes.Film.csv": {
          "expanded": true,
          "fields": [
            {
              "name": ":ID",
              "type": "string",
              "sample": "0",
              "include": true
            },
            {
              "name": "producer",
              "type": "string",
              "sample": "Gary Kurtz, Rick McCallum",
              "include": true
            },
            {
              "name": "title",
              "type": "string",
              "sample": "A New Hope",
              "include": true
            },
            {
              "name": "release_date",
              "type": "string",
              "sample": "1977-05-25",
              "include": true
            },
            {
              "name": "created",
              "type": "string",
              "sample": "2014-12-10T14:23:31.880000Z",
              "include": true
            },
            {
              "name": "director",
              "type": "string",
              "sample": "George Lucas",
              "include": true
            },
            {
              "name": "opening_crawl",
              "type": "string",
              "sample": "It is a period of civil war.\r\nRebel spaceships, striking\r\nfrom a hidden base, have won\r\ntheir first victory against\r\nthe evil Galactic Empire.\r\n\r\nDuring the battle, Rebel\r\nspies managed to steal secret\r\nplans to the Empire's\r\nultimate weapon, the DEATH\r\nSTAR, an armored space\r\nstation with enough power\r\nto destroy an entire planet.\r\n\r\nPursued by the Empire's\r\nsinister agents, Princess\r\nLeia races home aboard her\r\nstarship, custodian of the\r\nstolen plans that can save her\r\npeople and restore\r\nfreedom to the galaxy....",
              "include": true
            },
            {
              "name": "episode_id:long",
              "type": "string",
              "sample": "4",
              "include": true
            },
            {
              "name": "edited",
              "type": "string",
              "sample": "2014-12-20T19:49:45.256000Z",
              "include": true
            },
            {
              "name": "url",
              "type": "string",
              "sample": "https://swapi.dev/api/films/1/",
              "include": true
            },
            {
              "name": ":LABEL",
              "type": "string",
              "sample": "Film",
              "include": true
            }
          ]
        }
      }
    },
    "graphModel": {
      "nodeSchemas": {
        "n0": {
          "label": "Planet",
          "additionLabels": [],
          "labelProperties": [],
          "properties": [
            {
              "property": "id",
              "type": "string",
              "identifier": "V8vUhCpOdGedUKQOQHEBd"
            },
            {
              "property": "created",
              "type": "string",
              "identifier": "bxNSHG73IymEMAj-9O9Gw"
            },
            {
              "property": "edited",
              "type": "string",
              "identifier": "GooeAEoOR0oxMdDtn7U6I"
            },
            {
              "property": "gravity",
              "type": "string",
              "identifier": "zrRpfVWtlDa_KCio98Kx5"
            },
            {
              "property": "terrain",
              "type": "string",
              "identifier": "WCd6R_1HruytTNR5YBa9s"
            },
            {
              "property": "population",
              "type": "string",
              "identifier": "B8L8UV2YSqRfVB3v9S0wL"
            },
            {
              "property": "orbital_period",
              "type": "string",
              "identifier": "v5VwJE2fLND2iwhfxyboU"
            },
            {
              "property": "surface_water",
              "type": "string",
              "identifier": "1atmdfYyufLLfgK-khl9Z"
            },
            {
              "property": "diameter",
              "type": "string",
              "identifier": "lg72k6BOQSrEYWB2nDa8K"
            },
            {
              "property": "url",
              "type": "string",
              "identifier": "M70CXVC35W0hZWS_G0uI5"
            },
            {
              "property": "name",
              "type": "string",
              "identifier": "vR46pIMH1sogD-n2lyLEe"
            },
            {
              "property": "climate",
              "type": "string",
              "identifier": "L3Kj8OIK-7JOnq391EQEz"
            },
            {
              "property": "rotation_period",
              "type": "string",
              "identifier": "m8oyFbpHThW_-rud-Apqk"
            }
          ],
          "key": {
            "properties": [
              "V8vUhCpOdGedUKQOQHEBd"
            ],
            "name": ""
          }
        },
        "n1": {
          "label": "Species",
          "additionLabels": [],
          "labelProperties": [],
          "properties": [
            {
              "property": "id",
              "type": "string",
              "identifier": "5YVN2v1kj1IMAKkLgXbTC"
            },
            {
              "property": "designation",
              "type": "string",
              "identifier": "Pvh8wRfA5Ce0hwAQGJdOC"
            },
            {
              "property": "created",
              "type": "string",
              "identifier": "GUjCoXwML6NCaAyT67fhL"
            },
            {
              "property": "hair_colors",
              "type": "string",
              "identifier": "JMUnOHw0tyFzRrSBTS-my"
            },
            {
              "property": "average_lifespan",
              "type": "string",
              "identifier": "vHfnalvbSt0em_1a-mmBe"
            },
            {
              "property": "edited",
              "type": "string",
              "identifier": "b0Qtdv01LjoZ3lautC2Xx"
            },
            {
              "property": "language",
              "type": "string",
              "identifier": "vYgo7R2GkmZhmX3zu9iJo"
            },
            {
              "property": "classification",
              "type": "string",
              "identifier": "tKOskUkHToujztUKhzJNU"
            },
            {
              "property": "skin_colors",
              "type": "string",
              "identifier": "9XtVQbYPbDK0qve2axMEi"
            },
            {
              "property": "url",
              "type": "string",
              "identifier": "5u5IrIzhwj5_G2v5-zlgM"
            },
            {
              "property": "name",
              "type": "string",
              "identifier": "IGp9c_PiSoOds90ZE7Ldr"
            },
            {
              "property": "eye_colors",
              "type": "string",
              "identifier": "dpz194sSIHGRSA4dRZFcU"
            },
            {
              "property": "average_height",
              "type": "string",
              "identifier": "1gLzcQzbe4jez3YCTHn95"
            }
          ],
          "key": {
            "properties": [
              "5YVN2v1kj1IMAKkLgXbTC"
            ],
            "name": ""
          }
        },
        "n2": {
          "label": "Character",
          "additionLabels": [],
          "labelProperties": [],
          "properties": [
            {
              "property": "id",
              "type": "string",
              "identifier": "ibXwy7Kq5UNRnx6n4oMkr"
            },
            {
              "property": "created",
              "type": "string",
              "identifier": "FH0tm2L-zBcuawDpH0S_s"
            },
            {
              "property": "edited",
              "type": "string",
              "identifier": "xo2RgmRKui4fmaT1Fxyvw"
            },
            {
              "property": "url",
              "type": "string",
              "identifier": "H9kQ7ZoAGXpv2sbXVnp_R"
            },
            {
              "property": "name",
              "type": "string",
              "identifier": "P6ccGYq4BgzONdDWHD2ru"
            },
            {
              "property": "birth_year",
              "type": "string",
              "identifier": "8sb75g4EUgmP3K1RrSn_r"
            },
            {
              "property": "eye_color",
              "type": "string",
              "identifier": "_NATY4NKOANG_47l52Yek"
            },
            {
              "property": "height",
              "type": "string",
              "identifier": "llN_0bpI3T-DnhCs9iric"
            },
            {
              "property": "gender",
              "type": "string",
              "identifier": "n9mU1w3UOqZ4zkaUU8U4Q"
            },
            {
              "property": "skin_color",
              "type": "string",
              "identifier": "XA2FgvZnYTCpZVsCqVmTS"
            },
            {
              "property": "mass",
              "type": "string",
              "identifier": "4llmJfuP4yUODfQ4B3EHc"
            },
            {
              "property": "hair_color",
              "type": "string",
              "identifier": "On5MC30JTQMkkRJPFyYG4"
            }
          ],
          "key": {
            "properties": [
              "ibXwy7Kq5UNRnx6n4oMkr"
            ],
            "name": ""
          }
        },
        "n4": {
          "label": "Starship",
          "additionLabels": [],
          "labelProperties": [],
          "properties": [
            {
              "property": "id",
              "type": "string",
              "identifier": "bKitc2GPy7nxyEFRwI4mP"
            },
            {
              "property": "consumables",
              "type": "string",
              "identifier": "tj9_g15CeV9LF7bsOkVbo"
            },
            {
              "property": "max_atmosphering_speed",
              "type": "string",
              "identifier": "lQyNY3mMD4v-avbRfX04C"
            },
            {
              "property": "cargo_capacity",
              "type": "string",
              "identifier": "dwPF1paqgJK3AsiTI9iLo"
            },
            {
              "property": "passengers",
              "type": "string",
              "identifier": "PTUYZNLnUw59o2qkSsGmo"
            },
            {
              "property": "created",
              "type": "string",
              "identifier": "YJ8jhngbC4O4WSVeaQ4eQ"
            },
            {
              "property": "edited",
              "type": "string",
              "identifier": "xvxkiLyHAijGHzfqsc_h8"
            },
            {
              "property": "url",
              "type": "string",
              "identifier": "yjiqUjiNZv4A60xscX7AQ"
            },
            {
              "property": "name",
              "type": "string",
              "identifier": "p9IJtPwhEdRw-CI7mGkDo"
            },
            {
              "property": "starship_class",
              "type": "string",
              "identifier": "U2uO6ZTFmn3B1rcgrIeWU"
            },
            {
              "property": "model",
              "type": "string",
              "identifier": "yXBeKa7LMnp1khtrt0Vc4"
            },
            {
              "property": "MGLT",
              "type": "string",
              "identifier": "g0rTyhMiAxLBF0p6ng96F"
            },
            {
              "property": "hyperdrive_rating",
              "type": "string",
              "identifier": "RnCawoXiukDE5IipOZdyg"
            },
            {
              "property": "manufacturer",
              "type": "string",
              "identifier": "yYCy4GCL1RzR0cok4ygOT"
            },
            {
              "property": "length",
              "type": "string",
              "identifier": "Nz5Ry2-TVJdfI6qsPFtbd"
            },
            {
              "property": "crew",
              "type": "string",
              "identifier": "K5ZF-uY3acPG_07WU6sNn"
            },
            {
              "property": "cost_in_credits",
              "type": "string",
              "identifier": "iRWvnMGHIw_BV7ML3g0yV"
            }
          ],
          "key": {
            "properties": [
              "bKitc2GPy7nxyEFRwI4mP"
            ],
            "name": ""
          }
        },
        "n6": {
          "label": "Film",
          "additionLabels": [],
          "labelProperties": [],
          "properties": [
            {
              "property": "id",
              "type": "string",
              "identifier": "Njyq7R2m3uDq5LVXxmTkh"
            },
            {
              "property": "producer",
              "type": "string",
              "identifier": "erz8aGKpRIh2rdJeBDysm"
            },
            {
              "property": "title",
              "type": "string",
              "identifier": "RoIjSUp_gTUMnBLHNtQmo"
            },
            {
              "property": "release_date",
              "type": "string",
              "identifier": "l20NOOqvsVZMzHP5AY3Aa"
            },
            {
              "property": "created",
              "type": "string",
              "identifier": "_lMkE2JFFr251mGj4tK7M"
            },
            {
              "property": "director",
              "type": "string",
              "identifier": "Z4w5kYiTHrqqBDwonv0aS"
            },
            {
              "property": "opening_crawl",
              "type": "string",
              "identifier": "MwVGpsHwYO0Y7nCO8Etyx"
            },
            {
              "property": "episode_id:long",
              "type": "string",
              "identifier": "rHBnvM5Ly9R35V-RmBBMb"
            },
            {
              "property": "edited",
              "type": "string",
              "identifier": "1-8j0-H6b2Coznc_XRl5q"
            },
            {
              "property": "url",
              "type": "string",
              "identifier": "RFV2oGkH2TIIYqCSUjU-N"
            }
          ],
          "key": {
            "properties": [
              "Njyq7R2m3uDq5LVXxmTkh"
            ],
            "name": ""
          }
        },
        "n7": {
          "label": "Vehicle",
          "additionLabels": [],
          "labelProperties": [],
          "properties": [
            {
              "property": "id",
              "type": "string",
              "identifier": "axPGZl0_ooVWqDGlSlBLN"
            },
            {
              "property": "consumables",
              "type": "string",
              "identifier": "INuCmagP3hnIzE2u7F3x1"
            },
            {
              "property": "created",
              "type": "string",
              "identifier": "42yCi8wy4QlGGrMUC0UDi"
            },
            {
              "property": "edited",
              "type": "string",
              "identifier": "qgEJH3mYr9LMUyrl86WXW"
            },
            {
              "property": "url",
              "type": "string",
              "identifier": "zby1wke_Ed0Jsen2iUwUD"
            },
            {
              "property": "name",
              "type": "string",
              "identifier": "9HLfgKAEtFhSthiO0Ar5l"
            },
            {
              "property": "cargo_capacity",
              "type": "string",
              "identifier": "SgzQELxhc-7oloCePTR9s"
            },
            {
              "property": "passengers",
              "type": "string",
              "identifier": "0ruU5wo3-hWKhoQJXY75u"
            },
            {
              "property": "cost_in_credits",
              "type": "string",
              "identifier": "u0op2eHry7i6GNwUhCM5B"
            },
            {
              "property": "model",
              "type": "string",
              "identifier": "8GrHFKb-clexetWayZK85"
            },
            {
              "property": "max_atmosphering_speed",
              "type": "string",
              "identifier": "mUEDovl5HKPE2cSNTlVWd"
            },
            {
              "property": "manufacturer",
              "type": "string",
              "identifier": "BP3oBCVGYEzQG71zeS2ZX"
            },
            {
              "property": "length",
              "type": "string",
              "identifier": "DYigLcbIvD5HqxMWBJAKZ"
            },
            {
              "property": "crew",
              "type": "string",
              "identifier": "q5gKAfCTykGc0PeKhXMAQ"
            },
            {
              "property": "vehicle_class",
              "type": "string",
              "identifier": "ky3mu165qOX656flPJ0cx"
            }
          ],
          "key": {
            "properties": [
              "axPGZl0_ooVWqDGlSlBLN"
            ],
            "name": ""
          }
        }
      },
      "relationshipSchemas": {
        "n0": {
          "type": "HOMEWORLD",
          "sourceNodeSchema": "n1",
          "targetNodeSchema": "n0",
          "properties": []
        },
        "n1": {
          "type": "OF",
          "sourceNodeSchema": "n2",
          "targetNodeSchema": "n1",
          "properties": []
        },
        "n2": {
          "type": "HOMEWORLD",
          "sourceNodeSchema": "n2",
          "targetNodeSchema": "n0",
          "properties": []
        },
        "n7": {
          "type": "PILOT",
          "sourceNodeSchema": "n2",
          "targetNodeSchema": "n4",
          "properties": []
        },
        "n10": {
          "type": "APPEARED_IN",
          "sourceNodeSchema": "n4",
          "targetNodeSchema": "n6",
          "properties": []
        },
        "n11": {
          "type": "APPEARED_IN",
          "sourceNodeSchema": "n0",
          "targetNodeSchema": "n6",
          "properties": []
        },
        "n12": {
          "type": "APPEARED_IN",
          "sourceNodeSchema": "n1",
          "targetNodeSchema": "n6",
          "properties": []
        },
        "n13": {
          "type": "PILOT",
          "sourceNodeSchema": "n2",
          "targetNodeSchema": "n7",
          "properties": []
        },
        "n14": {
          "type": "APPEARED_IN",
          "sourceNodeSchema": "n7",
          "targetNodeSchema": "n6",
          "properties": []
        },
        "n15": {
          "type": "APPEARED_IN",
          "sourceNodeSchema": "n2",
          "targetNodeSchema": "n6",
          "properties": []
        }
      }
    },
    "mappingModel": {
      "nodeMappings": {
        "n0": {
          "nodeSchema": "n0",
          "fileSchema": "starwars.nodes.Planet.csv",
          "mappings": [
            {
              "field": ":ID"
            },
            {
              "field": "created"
            },
            {
              "field": "edited"
            },
            {
              "field": "gravity"
            },
            {
              "field": "terrain"
            },
            {
              "field": "population"
            },
            {
              "field": "orbital_period"
            },
            {
              "field": "surface_water"
            },
            {
              "field": "diameter"
            },
            {
              "field": "url"
            },
            {
              "field": "name"
            },
            {
              "field": "climate"
            },
            {
              "field": "rotation_period"
            }
          ]
        },
        "n1": {
          "nodeSchema": "n1",
          "fileSchema": "starwars.nodes.Species.csv",
          "mappings": [
            {
              "field": ":ID"
            },
            {
              "field": "designation"
            },
            {
              "field": "created"
            },
            {
              "field": "hair_colors"
            },
            {
              "field": "average_lifespan"
            },
            {
              "field": "edited"
            },
            {
              "field": "language"
            },
            {
              "field": "classification"
            },
            {
              "field": "skin_colors"
            },
            {
              "field": "url"
            },
            {
              "field": "name"
            },
            {
              "field": "eye_colors"
            },
            {
              "field": "average_height"
            }
          ]
        },
        "n2": {
          "nodeSchema": "n2",
          "fileSchema": "starwars.nodes.Character.csv",
          "mappings": [
            {
              "field": ":ID"
            },
            {
              "field": "created"
            },
            {
              "field": "edited"
            },
            {
              "field": "url"
            },
            {
              "field": "name"
            },
            {
              "field": "birth_year"
            },
            {
              "field": "eye_color"
            },
            {
              "field": "height"
            },
            {
              "field": "gender"
            },
            {
              "field": "skin_color"
            },
            {
              "field": "mass"
            },
            {
              "field": "hair_color"
            }
          ]
        },
        "n4": {
          "nodeSchema": "n4",
          "fileSchema": "starwars.nodes.Starship.csv",
          "mappings": [
            {
              "field": ":ID"
            },
            {
              "field": "consumables"
            },
            {
              "field": "max_atmosphering_speed"
            },
            {
              "field": "cargo_capacity"
            },
            {
              "field": "passengers"
            },
            {
              "field": "created"
            },
            {
              "field": "edited"
            },
            {
              "field": "url"
            },
            {
              "field": "name"
            },
            {
              "field": "starship_class"
            },
            {
              "field": "model"
            },
            {
              "field": "MGLT"
            },
            {
              "field": "hyperdrive_rating"
            },
            {
              "field": "manufacturer"
            },
            {
              "field": "length"
            },
            {
              "field": "crew"
            },
            {
              "field": "cost_in_credits"
            }
          ]
        },
        "n6": {
          "nodeSchema": "n6",
          "fileSchema": "starwars.nodes.Film.csv",
          "mappings": [
            {
              "field": ":ID"
            },
            {
              "field": "producer"
            },
            {
              "field": "title"
            },
            {
              "field": "release_date"
            },
            {
              "field": "created"
            },
            {
              "field": "director"
            },
            {
              "field": "opening_crawl"
            },
            {
              "field": "episode_id:long"
            },
            {
              "field": "edited"
            },
            {
              "field": "url"
            }
          ]
        },
        "n7": {
          "nodeSchema": "n7",
          "fileSchema": "starwars.nodes.Vehicle.csv",
          "mappings": [
            {
              "field": ":ID"
            },
            {
              "field": "consumables"
            },
            {
              "field": "created"
            },
            {
              "field": "edited"
            },
            {
              "field": "url"
            },
            {
              "field": "name"
            },
            {
              "field": "cargo_capacity"
            },
            {
              "field": "passengers"
            },
            {
              "field": "cost_in_credits"
            },
            {
              "field": "model"
            },
            {
              "field": "max_atmosphering_speed"
            },
            {
              "field": "manufacturer"
            },
            {
              "field": "length"
            },
            {
              "field": "crew"
            },
            {
              "field": "vehicle_class"
            }
          ]
        }
      },
      "relationshipMappings": {
        "n0": {
          "relationshipSchema": "n0",
          "mappings": [],
          "sourceMappings": [
            {
              "field": ":START_ID"
            }
          ],
          "targetMappings": [
            {
              "field": ":END_ID"
            }
          ],
          "fileSchema": "starwars.relationships.HOMEWORLD.csv"
        },
        "n1": {
          "relationshipSchema": "n1",
          "mappings": [],
          "sourceMappings": [
            {
              "field": ":START_ID"
            }
          ],
          "targetMappings": [
            {
              "field": ":END_ID"
            }
          ],
          "fileSchema": "starwars.relationships.OF.csv"
        },
        "n2": {
          "relationshipSchema": "n2",
          "mappings": [],
          "sourceMappings": [
            {
              "field": ":START_ID"
            }
          ],
          "targetMappings": [
            {
              "field": ":END_ID"
            }
          ],
          "fileSchema": "starwars.relationships.HOMEWORLD.csv"
        },
        "n7": {
          "relationshipSchema": "n7",
          "mappings": [],
          "sourceMappings": [
            {
              "field": ":START_ID"
            }
          ],
          "targetMappings": [
            {
              "field": ":END_ID"
            }
          ],
          "fileSchema": "starwars.relationships.PILOT.csv"
        },
        "n10": {
          "relationshipSchema": "n10",
          "mappings": [],
          "sourceMappings": [
            {
              "field": ":START_ID"
            }
          ],
          "targetMappings": [
            {
              "field": ":END_ID"
            }
          ],
          "fileSchema": "starwars.relationships.APPEARED_IN.csv"
        },
        "n11": {
          "relationshipSchema": "n11",
          "mappings": [],
          "sourceMappings": [
            {
              "field": ":START_ID"
            }
          ],
          "targetMappings": [
            {
              "field": ":END_ID"
            }
          ],
          "fileSchema": "starwars.relationships.APPEARED_IN.csv"
        },
        "n12": {
          "relationshipSchema": "n12",
          "mappings": [],
          "sourceMappings": [
            {
              "field": ":START_ID"
            }
          ],
          "targetMappings": [
            {
              "field": ":END_ID"
            }
          ],
          "fileSchema": "starwars.relationships.APPEARED_IN.csv"
        },
        "n13": {
          "relationshipSchema": "n13",
          "mappings": [],
          "sourceMappings": [
            {
              "field": ":START_ID"
            }
          ],
          "targetMappings": [
            {
              "field": ":END_ID"
            }
          ],
          "fileSchema": "starwars.relationships.PILOT.csv"
        },
        "n14": {
          "relationshipSchema": "n14",
          "mappings": [],
          "sourceMappings": [
            {
              "field": ":START_ID"
            }
          ],
          "targetMappings": [
            {
              "field": ":END_ID"
            }
          ],
          "fileSchema": "starwars.relationships.APPEARED_IN.csv"
        },
        "n15": {
          "relationshipSchema": "n15",
          "mappings": [],
          "sourceMappings": [
            {
              "field": ":START_ID"
            }
          ],
          "targetMappings": [
            {
              "field": ":END_ID"
            }
          ],
          "fileSchema": "starwars.relationships.APPEARED_IN.csv"
        }
      }
    },
    "configurations": {
      "idsToIgnore": []
    }
  }
}