{
  "version": "0.5.3",
  "graph": {
    "nodes": [
      {
        "id": "n0",
        "position": {
          "x": 0,
          "y": 0
        },
        "caption": "Character"
      },
      {
        "id": "n1",
        "position": {
          "x": 253,
          "y": 0
        },
        "caption": "Planet"
      },
      {
        "id": "n2",
        "position": {
          "x": 0,
          "y": 253
        },
        "caption": "Species"
      }
    ],
    "relationships": [
      {
        "id": "n0",
        "type": "FROM",
        "fromId": "n0",
        "toId": "n1"
      },
      {
        "id": "n1",
        "type": "IDENTIFIES_AS",
        "fromId": "n0",
        "toId": "n2"
      },
      {
        "id": "n2",
        "type": "ORIGINATED_FROM",
        "fromId": "n2",
        "toId": "n1"
      }
    ]
  },
  "dataModel": {
    "fileModel": {
      "fileSchemas": {
        "characters.csv": {
          "expanded": true,
          "fields": [
            {
              "name": "name",
              "type": "string",
              "sample": "Luke Skywalker",
              "include": true
            },
            {
              "name": "height",
              "type": "string",
              "sample": "172",
              "include": true
            },
            {
              "name": "mass",
              "type": "string",
              "sample": "77",
              "include": true
            },
            {
              "name": "hair_color",
              "type": "string",
              "sample": "blond",
              "include": true
            },
            {
              "name": "skin_color",
              "type": "string",
              "sample": "fair",
              "include": true
            },
            {
              "name": "eye_color",
              "type": "string",
              "sample": "blue",
              "include": true
            },
            {
              "name": "birth_year",
              "type": "string",
              "sample": "19BBY",
              "include": true
            },
            {
              "name": "gender",
              "type": "string",
              "sample": "male",
              "include": true
            },
            {
              "name": "homeworld",
              "type": "string",
              "sample": "Tatooine",
              "include": true
            },
            {
              "name": "species",
              "type": "string",
              "sample": "Human",
              "include": true
            }
          ]
        },
        "planets.csv": {
          "expanded": true,
          "fields": [
            {
              "name": "name",
              "type": "string",
              "sample": "Alderaan",
              "include": true
            },
            {
              "name": "rotation_period",
              "type": "string",
              "sample": "24",
              "include": true
            },
            {
              "name": "orbital_period",
              "type": "string",
              "sample": "364",
              "include": true
            },
            {
              "name": "diameter",
              "type": "string",
              "sample": "12500",
              "include": true
            },
            {
              "name": "climate",
              "type": "string",
              "sample": "temperate",
              "include": true
            },
            {
              "name": "gravity",
              "type": "string",
              "sample": "1 standard",
              "include": true
            },
            {
              "name": "terrain",
              "type": "string",
              "sample": "grasslands, mountains",
              "include": true
            },
            {
              "name": "surface_water",
              "type": "string",
              "sample": "40",
              "include": true
            },
            {
              "name": "population",
              "type": "string",
              "sample": "2000000000",
              "include": true
            }
          ]
        },
        "species.csv": {
          "expanded": true,
          "fields": [
            {
              "name": "name",
              "type": "string",
              "sample": "Hutt",
              "include": true
            },
            {
              "name": "classification",
              "type": "string",
              "sample": "gastropod",
              "include": true
            },
            {
              "name": "designation",
              "type": "string",
              "sample": "sentient",
              "include": true
            },
            {
              "name": "average_height",
              "type": "string",
              "sample": "300",
              "include": true
            },
            {
              "name": "skin_colors",
              "type": "string",
              "sample": "green, brown, tan",
              "include": true
            },
            {
              "name": "hair_colors",
              "type": "string",
              "sample": "NA",
              "include": true
            },
            {
              "name": "eye_colors",
              "type": "string",
              "sample": "yellow, red",
              "include": true
            },
            {
              "name": "average_lifespan",
              "type": "string",
              "sample": "1000",
              "include": true
            },
            {
              "name": "language",
              "type": "string",
              "sample": "Huttese",
              "include": true
            },
            {
              "name": "homeworld",
              "type": "string",
              "sample": "Nal Hutta",
              "include": true
            }
          ]
        }
      }
    },
    "graphModel": {
      "nodeSchemas": {
        "n0": {
          "label": "Character",
          "additionLabels": [],
          "labelProperties": [],
          "properties": [
            {
              "property": "name",
              "type": "string",
              "identifier": "3sP8Fu3hIHm76sjHARhNA"
            },
            {
              "property": "height",
              "type": "string",
              "identifier": "nDH9Yrb3FxdRIZeglbXI3"
            },
            {
              "property": "mass",
              "type": "string",
              "identifier": "KVvQQVrh7oxrp7554iezf"
            },
            {
              "property": "hair_color",
              "type": "string",
              "identifier": "yBbIAWYyP6DQjUEKBQB3K"
            },
            {
              "property": "skin_color",
              "type": "string",
              "identifier": "l9ClU4Kbn6xqLLv_yVspA"
            },
            {
              "property": "eye_color",
              "type": "string",
              "identifier": "Z6o4DQYVxQHorwRq5Bbfr"
            },
            {
              "property": "birth_year",
              "type": "string",
              "identifier": "BG3-SVULxFqY4zVVfkTsD"
            },
            {
              "property": "gender",
              "type": "string",
              "identifier": "zejy10gR4MzHNJSNaU1Ia"
            },
            {
              "property": "homeworld",
              "type": "string",
              "identifier": "UeWEB-5wSMW1uvxq31a9b"
            },
            {
              "property": "species",
              "type": "string",
              "identifier": "yGu5dW8N1Vp688HWTsTFv"
            }
          ],
          "key": {
            "properties": [
              "3sP8Fu3hIHm76sjHARhNA"
            ],
            "name": ""
          }
        },
        "n1": {
          "label": "Planet",
          "additionLabels": [],
          "labelProperties": [],
          "properties": [
            {
              "property": "name",
              "type": "string",
              "identifier": "kMziw6FPhAg2fNBkyr6Tv"
            },
            {
              "property": "rotation_period",
              "type": "string",
              "identifier": "-Mn1xy2WjOdUv7BYAt22n"
            },
            {
              "property": "orbital_period",
              "type": "string",
              "identifier": "EGmEdELONpTcCHWoW0AVF"
            },
            {
              "property": "diameter",
              "type": "string",
              "identifier": "qcisPaOKaMoJfj8YOhJ-7"
            },
            {
              "property": "climate",
              "type": "string",
              "identifier": "TOvuoK7RBPP_Nf0V6Zadn"
            },
            {
              "property": "gravity",
              "type": "string",
              "identifier": "6o24nTpxmTPjoy0M7uODA"
            },
            {
              "property": "terrain",
              "type": "string",
              "identifier": "j3ttQovR_e7JGhGX0O3zw"
            },
            {
              "property": "surface_water",
              "type": "string",
              "identifier": "JWeyvo-G9qinMlmOim6b0"
            },
            {
              "property": "population",
              "type": "string",
              "identifier": "RozUOLuEa4p-qwDdFYocG"
            }
          ],
          "key": {
            "properties": [
              "kMziw6FPhAg2fNBkyr6Tv"
            ],
            "name": ""
          }
        },
        "n2": {
          "label": "Species",
          "additionLabels": [],
          "labelProperties": [],
          "properties": [
            {
              "property": "name",
              "type": "string",
              "identifier": "2Uk55KNp_1WdHhj1D1QPL"
            },
            {
              "property": "classification",
              "type": "string",
              "identifier": "S6ufjYyjQwmSUegMtTfZP"
            },
            {
              "property": "designation",
              "type": "string",
              "identifier": "gJN8E_6kF2aZbIxFkjriq"
            },
            {
              "property": "average_height",
              "type": "string",
              "identifier": "9_m7RFVGHPYdgF-uqmrZf"
            },
            {
              "property": "skin_colors",
              "type": "string",
              "identifier": "aohKdLapcDB1Waq9bohrB"
            },
            {
              "property": "hair_colors",
              "type": "string",
              "identifier": "7mPTNwxVjhl2v0ykTfJju"
            },
            {
              "property": "eye_colors",
              "type": "string",
              "identifier": "0iIQXW2pebQRocHrqHuY0"
            },
            {
              "property": "average_lifespan",
              "type": "string",
              "identifier": "tj7CMmbRdWwbP4Wz6t61k"
            },
            {
              "property": "language",
              "type": "string",
              "identifier": "vEI8VPscNjBQhiW8Cdtvj"
            },
            {
              "property": "homeworld",
              "type": "string",
              "identifier": "NtXIsGYy4ABfINHHXCs04"
            }
          ],
          "key": {
            "properties": [
              "2Uk55KNp_1WdHhj1D1QPL"
            ],
            "name": ""
          }
        }
      },
      "relationshipSchemas": {
        "n0": {
          "type": "FROM",
          "sourceNodeSchema": "n0",
          "targetNodeSchema": "n1",
          "properties": []
        },
        "n1": {
          "type": "IDENTIFIES_AS",
          "sourceNodeSchema": "n0",
          "targetNodeSchema": "n2",
          "properties": []
        },
        "n2": {
          "type": "ORIGINATED_FROM",
          "sourceNodeSchema": "n2",
          "targetNodeSchema": "n1",
          "properties": []
        }
      }
    },
    "mappingModel": {
      "nodeMappings": {
        "n0": {
          "nodeSchema": "n0",
          "fileSchema": "characters.csv",
          "mappings": [
            {
              "field": "name"
            },
            {
              "field": "height"
            },
            {
              "field": "mass"
            },
            {
              "field": "hair_color"
            },
            {
              "field": "skin_color"
            },
            {
              "field": "eye_color"
            },
            {
              "field": "birth_year"
            },
            {
              "field": "gender"
            },
            {
              "field": "homeworld"
            },
            {
              "field": "species"
            }
          ]
        },
        "n1": {
          "nodeSchema": "n1",
          "fileSchema": "planets.csv",
          "mappings": [
            {
              "field": "name"
            },
            {
              "field": "rotation_period"
            },
            {
              "field": "orbital_period"
            },
            {
              "field": "diameter"
            },
            {
              "field": "climate"
            },
            {
              "field": "gravity"
            },
            {
              "field": "terrain"
            },
            {
              "field": "surface_water"
            },
            {
              "field": "population"
            }
          ]
        },
        "n2": {
          "nodeSchema": "n2",
          "fileSchema": "species.csv",
          "mappings": [
            {
              "field": "name"
            },
            {
              "field": "classification"
            },
            {
              "field": "designation"
            },
            {
              "field": "average_height"
            },
            {
              "field": "skin_colors"
            },
            {
              "field": "hair_colors"
            },
            {
              "field": "eye_colors"
            },
            {
              "field": "average_lifespan"
            },
            {
              "field": "language"
            },
            {
              "field": "homeworld"
            }
          ]
        }
      },
      "relationshipMappings": {
        "n0": {
          "relationshipSchema": "n0",
          "mappings": [],
          "sourceMappings": [
            {
              "field": "name"
            }
          ],
          "targetMappings": [
            {
              "field": "homeworld"
            }
          ],
          "fileSchema": "characters.csv"
        },
        "n1": {
          "relationshipSchema": "n1",
          "mappings": [],
          "sourceMappings": [
            {
              "field": "name"
            }
          ],
          "targetMappings": [
            {
              "field": "species"
            }
          ],
          "fileSchema": "characters.csv"
        },
        "n2": {
          "relationshipSchema": "n2",
          "mappings": [],
          "sourceMappings": [
            {
              "field": "name"
            }
          ],
          "targetMappings": [
            {
              "field": "homeworld"
            }
          ],
          "fileSchema": "species.csv"
        }
      }
    },
    "configurations": {
      "idsToIgnore": []
    }
  }
}