:START_ID,:END_ID,:TYPE
6,0,APPEARED_IN
7,0,APPEARED_IN
8,0,APPEARED_IN
9,0,APPEARED_IN
10,0,APPEARED_IN
11,0,APPEARED_IN
12,0,APPEARED_IN
13,0,APPEARED_IN
14,0,APPEARED_IN
15,0,APPEARED_IN
17,0,APPEARED_IN
18,0,APPEARED_IN
19,0,APPEARED_IN
20,0,APPEARED_IN
21,0,APPEARED_IN
22,0,APPEARED_IN
23,0,APPEARED_IN
85,0,APPEARED_IN
6,1,APPEARED_IN
7,1,APPEARED_IN
8,1,APPEARED_IN
9,1,APPEARED_IN
10,1,APPEARED_IN
15,1,APPEARED_IN
18,1,APPEARED_IN
19,1,APPEARED_IN
22,1,APPEARED_IN
24,1,APPEARED_IN
25,1,APPEARED_IN
26,1,APPEARED_IN
27,1,APPEARED_IN
28,1,APPEARED_IN
29,1,APPEARED_IN
30,1,APPEARED_IN
6,2,APPEARED_IN
7,2,APPEARED_IN
8,2,APPEARED_IN
9,2,APPEARED_IN
10,2,APPEARED_IN
15,2,APPEARED_IN
18,2,APPEARED_IN
19,2,APPEARED_IN
21,2,APPEARED_IN
22,2,APPEARED_IN
24,2,APPEARED_IN
25,2,APPEARED_IN
26,2,APPEARED_IN
29,2,APPEARED_IN
31,2,APPEARED_IN
32,2,APPEARED_IN
33,2,APPEARED_IN
34,2,APPEARED_IN
35,2,APPEARED_IN
49,2,APPEARED_IN
7,3,APPEARED_IN
8,3,APPEARED_IN
15,3,APPEARED_IN
16,3,APPEARED_IN
21,3,APPEARED_IN
24,3,APPEARED_IN
25,3,APPEARED_IN
36,3,APPEARED_IN
37,3,APPEARED_IN
38,3,APPEARED_IN
39,3,APPEARED_IN
40,3,APPEARED_IN
41,3,APPEARED_IN
42,3,APPEARED_IN
43,3,APPEARED_IN
44,3,APPEARED_IN
45,3,APPEARED_IN
46,3,APPEARED_IN
47,3,APPEARED_IN
48,3,APPEARED_IN
50,3,APPEARED_IN
51,3,APPEARED_IN
52,3,APPEARED_IN
53,3,APPEARED_IN
54,3,APPEARED_IN
55,3,APPEARED_IN
56,3,APPEARED_IN
57,3,APPEARED_IN
58,3,APPEARED_IN
59,3,APPEARED_IN
60,3,APPEARED_IN
61,3,APPEARED_IN
62,3,APPEARED_IN
63,3,APPEARED_IN
7,4,APPEARED_IN
8,4,APPEARED_IN
11,4,APPEARED_IN
12,4,APPEARED_IN
15,4,APPEARED_IN
16,4,APPEARED_IN
24,4,APPEARED_IN
25,4,APPEARED_IN
26,4,APPEARED_IN
37,4,APPEARED_IN
39,4,APPEARED_IN
40,4,APPEARED_IN
44,4,APPEARED_IN
47,4,APPEARED_IN
50,4,APPEARED_IN
55,4,APPEARED_IN
56,4,APPEARED_IN
57,4,APPEARED_IN
62,4,APPEARED_IN
63,4,APPEARED_IN
64,4,APPEARED_IN
65,4,APPEARED_IN
66,4,APPEARED_IN
67,4,APPEARED_IN
68,4,APPEARED_IN
69,4,APPEARED_IN
70,4,APPEARED_IN
71,4,APPEARED_IN
72,4,APPEARED_IN
73,4,APPEARED_IN
74,4,APPEARED_IN
75,4,APPEARED_IN
76,4,APPEARED_IN
77,4,APPEARED_IN
78,4,APPEARED_IN
79,4,APPEARED_IN
80,4,APPEARED_IN
81,4,APPEARED_IN
82,4,APPEARED_IN
86,4,APPEARED_IN
6,5,APPEARED_IN
7,5,APPEARED_IN
8,5,APPEARED_IN
9,5,APPEARED_IN
10,5,APPEARED_IN
11,5,APPEARED_IN
12,5,APPEARED_IN
15,5,APPEARED_IN
16,5,APPEARED_IN
17,5,APPEARED_IN
18,5,APPEARED_IN
24,5,APPEARED_IN
25,5,APPEARED_IN
37,5,APPEARED_IN
39,5,APPEARED_IN
50,5,APPEARED_IN
55,5,APPEARED_IN
56,5,APPEARED_IN
57,5,APPEARED_IN
58,5,APPEARED_IN
59,5,APPEARED_IN
60,5,APPEARED_IN
62,5,APPEARED_IN
67,5,APPEARED_IN
68,5,APPEARED_IN
71,5,APPEARED_IN
72,5,APPEARED_IN
79,5,APPEARED_IN
82,5,APPEARED_IN
83,5,APPEARED_IN
84,5,APPEARED_IN
85,5,APPEARED_IN
86,5,APPEARED_IN
87,5,APPEARED_IN
88,0,APPEARED_IN
89,0,APPEARED_IN
90,0,APPEARED_IN
91,1,APPEARED_IN
92,1,APPEARED_IN
93,1,APPEARED_IN
114,1,APPEARED_IN
88,2,APPEARED_IN
92,2,APPEARED_IN
94,2,APPEARED_IN
95,2,APPEARED_IN
96,2,APPEARED_IN
88,3,APPEARED_IN
95,3,APPEARED_IN
96,3,APPEARED_IN
88,4,APPEARED_IN
95,4,APPEARED_IN
96,4,APPEARED_IN
97,4,APPEARED_IN
98,4,APPEARED_IN
88,5,APPEARED_IN
89,5,APPEARED_IN
92,5,APPEARED_IN
95,5,APPEARED_IN
96,5,APPEARED_IN
99,5,APPEARED_IN
100,5,APPEARED_IN
101,5,APPEARED_IN
102,5,APPEARED_IN
103,5,APPEARED_IN
104,5,APPEARED_IN
105,5,APPEARED_IN
106,5,APPEARED_IN
148,0,APPEARED_IN
149,0,APPEARED_IN
150,0,APPEARED_IN
151,0,APPEARED_IN
152,0,APPEARED_IN
148,1,APPEARED_IN
149,1,APPEARED_IN
150,1,APPEARED_IN
153,1,APPEARED_IN
154,1,APPEARED_IN
148,2,APPEARED_IN
149,2,APPEARED_IN
150,2,APPEARED_IN
152,2,APPEARED_IN
153,2,APPEARED_IN
155,2,APPEARED_IN
156,2,APPEARED_IN
157,2,APPEARED_IN
162,2,APPEARED_IN
148,3,APPEARED_IN
149,3,APPEARED_IN
153,3,APPEARED_IN
158,3,APPEARED_IN
159,3,APPEARED_IN
160,3,APPEARED_IN
161,3,APPEARED_IN
162,3,APPEARED_IN
163,3,APPEARED_IN
164,3,APPEARED_IN
165,3,APPEARED_IN
166,3,APPEARED_IN
167,3,APPEARED_IN
168,3,APPEARED_IN
169,3,APPEARED_IN
170,3,APPEARED_IN
171,3,APPEARED_IN
172,3,APPEARED_IN
173,3,APPEARED_IN
174,3,APPEARED_IN
148,4,APPEARED_IN
149,4,APPEARED_IN
153,4,APPEARED_IN
159,4,APPEARED_IN
160,4,APPEARED_IN
162,4,APPEARED_IN
175,4,APPEARED_IN
176,4,APPEARED_IN
177,4,APPEARED_IN
178,4,APPEARED_IN
179,4,APPEARED_IN
180,4,APPEARED_IN
181,4,APPEARED_IN
182,4,APPEARED_IN
148,5,APPEARED_IN
149,5,APPEARED_IN
150,5,APPEARED_IN
153,5,APPEARED_IN
162,5,APPEARED_IN
166,5,APPEARED_IN
167,5,APPEARED_IN
170,5,APPEARED_IN
171,5,APPEARED_IN
172,5,APPEARED_IN
173,5,APPEARED_IN
174,5,APPEARED_IN
175,5,APPEARED_IN
176,5,APPEARED_IN
177,5,APPEARED_IN
180,5,APPEARED_IN
181,5,APPEARED_IN
182,5,APPEARED_IN
183,5,APPEARED_IN
184,5,APPEARED_IN
224,0,APPEARED_IN
225,0,APPEARED_IN
226,0,APPEARED_IN
227,0,APPEARED_IN
228,0,APPEARED_IN
229,0,APPEARED_IN
230,0,APPEARED_IN
231,0,APPEARED_IN
225,1,APPEARED_IN
228,1,APPEARED_IN
229,1,APPEARED_IN
230,1,APPEARED_IN
232,1,APPEARED_IN
233,1,APPEARED_IN
234,1,APPEARED_IN
235,1,APPEARED_IN
236,1,APPEARED_IN
224,2,APPEARED_IN
225,2,APPEARED_IN
228,2,APPEARED_IN
229,2,APPEARED_IN
230,2,APPEARED_IN
232,2,APPEARED_IN
233,2,APPEARED_IN
235,2,APPEARED_IN
236,2,APPEARED_IN
237,2,APPEARED_IN
238,2,APPEARED_IN
239,2,APPEARED_IN
240,3,APPEARED_IN
241,3,APPEARED_IN
242,3,APPEARED_IN
243,3,APPEARED_IN
244,3,APPEARED_IN
234,4,APPEARED_IN
241,4,APPEARED_IN
242,4,APPEARED_IN
245,4,APPEARED_IN
246,4,APPEARED_IN
247,4,APPEARED_IN
248,4,APPEARED_IN
249,4,APPEARED_IN
250,4,APPEARED_IN
224,5,APPEARED_IN
241,5,APPEARED_IN
247,5,APPEARED_IN
251,5,APPEARED_IN
252,5,APPEARED_IN
253,5,APPEARED_IN
254,5,APPEARED_IN
255,5,APPEARED_IN
256,5,APPEARED_IN
257,5,APPEARED_IN
258,5,APPEARED_IN
259,5,APPEARED_IN
185,0,APPEARED_IN
186,0,APPEARED_IN
187,0,APPEARED_IN
188,0,APPEARED_IN
188,1,APPEARED_IN
189,1,APPEARED_IN
190,1,APPEARED_IN
191,1,APPEARED_IN
192,1,APPEARED_IN
193,1,APPEARED_IN
188,2,APPEARED_IN
190,2,APPEARED_IN
191,2,APPEARED_IN
192,2,APPEARED_IN
194,2,APPEARED_IN
195,2,APPEARED_IN
196,2,APPEARED_IN
197,2,APPEARED_IN
198,3,APPEARED_IN
199,3,APPEARED_IN
200,3,APPEARED_IN
201,3,APPEARED_IN
202,3,APPEARED_IN
203,3,APPEARED_IN
204,3,APPEARED_IN
185,4,APPEARED_IN
205,4,APPEARED_IN
206,4,APPEARED_IN
207,4,APPEARED_IN
208,4,APPEARED_IN
209,4,APPEARED_IN
210,4,APPEARED_IN
211,4,APPEARED_IN
212,4,APPEARED_IN
213,4,APPEARED_IN
214,4,APPEARED_IN
198,5,APPEARED_IN
208,5,APPEARED_IN
210,5,APPEARED_IN
213,5,APPEARED_IN
215,5,APPEARED_IN
216,5,APPEARED_IN
217,5,APPEARED_IN
218,5,APPEARED_IN
219,5,APPEARED_IN
220,5,APPEARED_IN
221,5,APPEARED_IN
222,5,APPEARED_IN
223,5,APPEARED_IN
